"date","provinces","n_tests","n_cases","n_deaths","n_recoveries"
"2020-03-12","FS",848,0,0,0
"2020-03-12","EC",848,0,0,0
"2020-03-12","GP",848,6,0,0
"2020-03-12","KZN",848,8,0,0
"2020-03-12","LP",848,0,0,0
"2020-03-12","MP",848,1,0,0
"2020-03-12","NW",848,0,0,0
"2020-03-12","NC",848,0,0,0
"2020-03-12","WC",848,1,0,0
"2020-03-13","FS",924,0,0,0
"2020-03-13","EC",924,0,0,0
"2020-03-13","GP",924,10,0,0
"2020-03-13","KZN",924,10,0,0
"2020-03-13","LP",924,0,0,0
"2020-03-13","MP",924,1,0,0
"2020-03-13","NW",924,0,0,0
"2020-03-13","NC",924,0,0,0
"2020-03-13","WC",924,3,0,0
"2020-03-14","FS",1017,0,0,0
"2020-03-14","EC",1017,0,0,0
"2020-03-14","GP",1017,17,0,0
"2020-03-14","KZN",1017,11,0,0
"2020-03-14","LP",1017,0,0,0
"2020-03-14","MP",1017,1,0,0
"2020-03-14","NW",1017,0,0,0
"2020-03-14","NC",1017,0,0,0
"2020-03-14","WC",1017,9,0,0
"2020-03-15","FS",1476,0,0,0
"2020-03-15","EC",1476,0,0,0
"2020-03-15","GP",1476,24,0,0
"2020-03-15","KZN",1476,12,0,0
"2020-03-15","LP",1476,0,0,0
"2020-03-15","MP",1476,1,0,0
"2020-03-15","NW",1476,0,0,0
"2020-03-15","NC",1476,0,0,0
"2020-03-15","WC",1476,14,0,0
"2020-03-16","FS",2405,0,0,0
"2020-03-16","EC",2405,0,0,0
"2020-03-16","GP",2405,31,0,0
"2020-03-16","KZN",2405,12,0,0
"2020-03-16","LP",2405,1,0,0
"2020-03-16","MP",2405,2,0,0
"2020-03-16","NW",2405,0,0,0
"2020-03-16","NC",2405,0,0,0
"2020-03-16","WC",2405,16,0,0
"2020-03-17","FS",2826,0,0,0
"2020-03-17","EC",2826,0,0,0
"2020-03-17","GP",2826,45,0,0
"2020-03-17","KZN",2826,16,0,0
"2020-03-17","LP",2826,1,0,0
"2020-03-17","MP",2826,2,0,0
"2020-03-17","NW",2826,0,0,0
"2020-03-17","NC",2826,0,0,0
"2020-03-17","WC",2826,21,0,0
"2020-03-18","FS",3070,0,0,0
"2020-03-18","EC",3070,0,0,0
"2020-03-18","GP",3070,61,0,0
"2020-03-18","KZN",3070,19,0,0
"2020-03-18","LP",3070,1,0,0
"2020-03-18","MP",3070,4,0,0
"2020-03-18","NW",3070,0,0,0
"2020-03-18","NC",3070,0,0,0
"2020-03-18","WC",3070,31,0,0
"2020-03-19","FS",4832,0,0,0
"2020-03-19","EC",4832,0,0,0
"2020-03-19","GP",4832,76,0,0
"2020-03-19","KZN",4832,22,0,0
"2020-03-19","LP",4832,1,0,0
"2020-03-19","MP",4832,5,0,0
"2020-03-19","NW",4832,0,0,0
"2020-03-19","NC",4832,0,0,0
"2020-03-19","WC",4832,46,0,0
"2020-03-20","FS",6438,7,0,0
"2020-03-20","EC",6438,0,0,0
"2020-03-20","GP",6438,109,0,0
"2020-03-20","KZN",6438,23,0,0
"2020-03-20","LP",6438,1,0,0
"2020-03-20","MP",6438,5,0,0
"2020-03-20","NW",6438,0,0,0
"2020-03-20","NC",6438,0,0,0
"2020-03-20","WC",6438,57,0,0
"2020-03-21","FS",7425,7,0,0
"2020-03-21","EC",7425,1,0,0
"2020-03-21","GP",7425,125,0,0
"2020-03-21","KZN",7425,27,0,0
"2020-03-21","LP",7425,1,0,0
"2020-03-21","MP",7425,5,0,0
"2020-03-21","NW",7425,0,0,0
"2020-03-21","NC",7425,0,0,0
"2020-03-21","WC",7425,74,0,0
"2020-03-22","FS",9315,9,0,0
"2020-03-22","EC",9315,2,0,0
"2020-03-22","GP",9315,132,0,0
"2020-03-22","KZN",9315,36,0,0
"2020-03-22","LP",9315,1,0,0
"2020-03-22","MP",9315,6,0,0
"2020-03-22","NW",9315,0,0,0
"2020-03-22","NC",9315,0,0,0
"2020-03-22","WC",9315,88,0,0
"2020-03-23","FS",12815,13,0,0
"2020-03-23","EC",12815,2,0,0
"2020-03-23","GP",12815,207,0,0
"2020-03-23","KZN",12815,60,0,0
"2020-03-23","LP",12815,4,0,0
"2020-03-23","MP",12815,9,0,0
"2020-03-23","NW",12815,4,0,0
"2020-03-23","NC",12815,2,0,0
"2020-03-23","WC",12815,100,0,0
"2020-03-23","Unknown",12815,1,0,0
"2020-03-24","FS",15529,18,0,0
"2020-03-24","EC",15529,2,0,0
"2020-03-24","GP",15529,302,0,0
"2020-03-24","KZN",15529,80,0,0
"2020-03-24","LP",15529,4,0,0
"2020-03-24","MP",15529,9,0,0
"2020-03-24","NW",15529,5,0,0
"2020-03-24","NC",15529,2,0,0
"2020-03-24","WC",15529,130,0,0
"2020-03-24","Unknown",15529,2,0,2
"2020-03-25","FS",15529,30,0,0
"2020-03-25","EC",15529,2,0,0
"2020-03-25","GP",15529,319,0,0
"2020-03-25","KZN",15529,91,0,0
"2020-03-25","LP",15529,4,0,0
"2020-03-25","MP",15529,8,0,0
"2020-03-25","NW",15529,5,0,0
"2020-03-25","NC",15529,2,0,0
"2020-03-25","WC",15529,183,0,0
"2020-03-25","Unknown",15529,65,0,2
"2020-03-26","FS",20471,49,0,0
"2020-03-26","EC",20471,5,0,0
"2020-03-26","GP",20471,409,0,0
"2020-03-26","KZN",20471,134,0,0
"2020-03-26","LP",20471,6,0,0
"2020-03-26","MP",20471,9,0,0
"2020-03-26","NW",20471,4,0,0
"2020-03-26","NC",20471,1,0,0
"2020-03-26","WC",20471,229,0,0
"2020-03-26","Unknown",20471,81,0,4
"2020-03-27","FS",28573,NA,0,0
"2020-03-27","EC",28573,NA,0,0
"2020-03-27","GP",28573,NA,0,0
"2020-03-27","KZN",28573,NA,0,0
"2020-03-27","LP",28573,NA,0,0
"2020-03-27","MP",28573,NA,0,0
"2020-03-27","NW",28573,NA,0,0
"2020-03-27","NC",28573,NA,0,0
"2020-03-27","WC",28573,NA,0,0
"2020-03-27","Unknown",28573,1170,1,4
"2020-03-28","FS",31963,68,0,0
"2020-03-28","EC",31963,10,0,0
"2020-03-28","GP",31963,533,0,0
"2020-03-28","KZN",31963,156,0,0
"2020-03-28","LP",31963,11,0,0
"2020-03-28","MP",31963,10,0,0
"2020-03-28","NW",31963,6,0,0
"2020-03-28","NC",31963,5,0,0
"2020-03-28","WC",31963,271,1,0
"2020-03-28","Unknown",31963,117,0,4
"2020-03-29","FS",35593,72,0,0
"2020-03-29","EC",35593,12,0,0
"2020-03-29","GP",35593,584,0,0
"2020-03-29","KZN",35593,167,1,0
"2020-03-29","LP",35593,12,0,0
"2020-03-29","MP",35593,11,0,0
"2020-03-29","NW",35593,6,0,0
"2020-03-29","NC",35593,6,0,0
"2020-03-29","WC",35593,310,1,0
"2020-03-29","Unknown",35593,100,0,4
"2020-03-30","FS",38409,72,1,0
"2020-03-30","EC",38409,12,0,0
"2020-03-30","GP",38409,618,0,0
"2020-03-30","KZN",38409,171,1,0
"2020-03-30","LP",38409,11,0,0
"2020-03-30","MP",38409,11,0,0
"2020-03-30","NW",38409,8,0,0
"2020-03-30","NC",38409,3,0,0
"2020-03-30","WC",38409,324,1,0
"2020-03-30","Unknown",38409,96,0,4
"2020-03-31","EC",41072,12,0,0
"2020-03-31","FS",41072,74,1,0
"2020-03-31","GP",41072,633,1,0
"2020-03-31","KZN",41072,179,2,0
"2020-03-31","LP",41072,14,0,0
"2020-03-31","MP",41072,12,0,0
"2020-03-31","NC",41072,6,0,0
"2020-03-31","NW",41072,8,0,0
"2020-03-31","WC",41072,325,1,0
"2020-03-31","Unknown",41072,90,0,4
"2020-04-01","EC",44292,15,0,0
"2020-04-01","FS",44292,76,1,0
"2020-04-01","GP",44292,645,1,0
"2020-04-01","KZN",44292,186,2,0
"2020-04-01","LP",44292,14,0,0
"2020-04-01","MP",44292,12,0,0
"2020-04-01","NC",44292,7,0,0
"2020-04-01","NW",44292,9,0,0
"2020-04-01","WC",44292,326,1,0
"2020-04-01","Unknown",44292,90,0,4
"2020-04-02","EC",47965,17,0,0
"2020-04-02","FS",47965,84,1,0
"2020-04-02","GP",47965,663,1,0
"2020-04-02","KZN",47965,206,2,0
"2020-04-02","LP",47965,16,0,0
"2020-04-02","MP",47965,13,0,0
"2020-04-02","NC",47965,7,0,0
"2020-04-02","NW",47965,9,0,0
"2020-04-02","WC",47965,353,1,0
"2020-04-02","Unknown",47965,94,0,4
"2020-04-03","EC",50361,21,0,0
"2020-04-03","FS",50361,84,0,0
"2020-04-03","GP",50361,672,0,0
"2020-04-03","KZN",50361,215,0,0
"2020-04-03","LP",50361,16,0,0
"2020-04-03","MP",50361,13,0,0
"2020-04-03","NC",50361,7,0,0
"2020-04-03","NW",50361,9,0,0
"2020-04-03","WC",50361,374,0,0
"2020-04-03","Unknown",50361,94,9,4
"2020-04-04","EC",53937,25,0,0
"2020-04-04","FS",53937,85,0,0
"2020-04-04","GP",53937,693,0,0
"2020-04-04","KZN",53937,232,0,0
"2020-04-04","LP",53937,18,0,0
"2020-04-04","MP",53937,18,0,0
"2020-04-04","NC",53937,7,0,0
"2020-04-04","NW",53937,11,0,0
"2020-04-04","WC",53937,433,0,0
"2020-04-04","Unknown",53937,63,9,4
"2020-04-05","EC",56873,31,0,0
"2020-04-05","FS",56873,87,0,0
"2020-04-05","GP",56873,704,0,0
"2020-04-05","KZN",56873,246,0,0
"2020-04-05","LP",56873,19,0,0
"2020-04-05","MP",56873,18,0,0
"2020-04-05","NC",56873,8,0,0
"2020-04-05","NW",56873,11,0,0
"2020-04-05","WC",56873,454,0,0
"2020-04-05","Unknown",56873,77,11,4
"2020-04-06","EC",58098,32,0,0
"2020-04-06","FS",58098,89,0,0
"2020-04-06","GP",58098,713,0,0
"2020-04-06","KZN",58098,257,0,0
"2020-04-06","LP",58098,19,0,0
"2020-04-06","MP",58098,18,0,0
"2020-04-06","NC",58098,8,0,0
"2020-04-06","NW",58098,11,0,0
"2020-04-06","WC",58098,462,0,0
"2020-04-06","Unknown",58098,77,12,4
"2020-04-07","EC",60937,NA,0,0
"2020-04-07","FS",60937,NA,0,0
"2020-04-07","GP",60937,NA,0,0
"2020-04-07","KZN",60937,NA,0,0
"2020-04-07","LP",60937,NA,0,0
"2020-04-07","MP",60937,NA,0,0
"2020-04-07","NC",60937,NA,0,0
"2020-04-07","NW",60937,NA,0,0
"2020-04-07","WC",60937,NA,0,0
"2020-04-07","Unknown",60937,1749,0,0
"2020-04-08","EC",63776,45,0,0
"2020-04-08","FS",63776,88,0,0
"2020-04-08","GP",63776,782,0,0
"2020-04-08","KZN",63776,354,0,0
"2020-04-08","LP",63776,21,0,0
"2020-04-08","MP",63776,21,0,0
"2020-04-08","NC",63776,13,0,0
"2020-04-08","NW",63776,15,0,0
"2020-04-08","WC",63776,495,0,0
"2020-04-08","Unknown",63776,11,18,0
"2020-04-09","EC",68874,61,0,0
"2020-04-09","FS",68874,93,0,0
"2020-04-09","GP",68874,795,0,0
"2020-04-09","KZN",68874,387,0,0
"2020-04-09","LP",68874,22,0,0
"2020-04-09","MP",68874,20,0,0
"2020-04-09","NC",68874,15,0,0
"2020-04-09","NW",68874,15,0,0
"2020-04-09","WC",68874,515,0,0
"2020-04-09","Unknown",68874,11,18,0
"2020-04-10","EC",73028,68,0,0
"2020-04-10","FS",73028,94,3,0
"2020-04-10","GP",73028,801,3,0
"2020-04-10","KZN",73028,412,12,0
"2020-04-10","LP",73028,24,0,0
"2020-04-10","MP",73028,20,0,0
"2020-04-10","NC",73028,15,0,0
"2020-04-10","NW",73028,18,0,0
"2020-04-10","WC",73028,541,6,0
"2020-04-10","Unknown",73028,10,0,0
"2020-04-11","EC",75053,69,0,0
"2020-04-11","FS",75053,94,3,0
"2020-04-11","GP",75053,813,3,0
"2020-04-11","KZN",75053,418,12,0
"2020-04-11","LP",75053,23,0,0
"2020-04-11","MP",75053,20,0,0
"2020-04-11","NC",75053,16,0,0
"2020-04-11","NW",75053,19,0,0
"2020-04-11","WC",75053,546,7,0
"2020-04-11","Unknown",75053,10,0,0
"2020-04-12","EC",80085,88,0,0
"2020-04-12","FS",80085,96,3,0
"2020-04-12","GP",80085,865,3,0
"2020-04-12","KZN",80085,443,12,0
"2020-04-12","LP",80085,23,0,0
"2020-04-12","MP",80085,21,0,0
"2020-04-12","NC",80085,16,0,0
"2020-04-12","NW",80085,19,0,0
"2020-04-12","WC",80085,587,7,0
"2020-04-12","Unknown",80085,15,0,0
"2020-04-13","EC",83663,104,0,0
"2020-04-13","FS",83663,96,3,0
"2020-04-13","GP",83663,890,4,0
"2020-04-13","KZN",83663,465,12,0
"2020-04-13","LP",83663,23,0,0
"2020-04-13","MP",83663,22,0,0
"2020-04-13","NC",83663,16,0,0
"2020-04-13","NW",83663,22,0,0
"2020-04-13","WC",83663,617,8,0
"2020-04-13","Unknown",83663,17,0,0
"2020-04-14","EC",87022,174,0,0
"2020-04-14","FS",87022,98,3,0
"2020-04-14","GP",87022,909,4,0
"2020-04-14","KZN",87022,489,12,0
"2020-04-14","LP",87022,24,0,0
"2020-04-14","MP",87022,22,0,0
"2020-04-14","NC",87022,16,0,0
"2020-04-14","NW",87022,22,0,0
"2020-04-14","WC",87022,643,8,0
"2020-04-14","Unknown",87022,18,0,0
"2020-04-15","EC",90515,199,0,0
"2020-04-15","FS",90515,97,3,0
"2020-04-15","GP",90515,930,5,0
"2020-04-15","KZN",90515,519,18,0
"2020-04-15","LP",90515,25,0,0
"2020-04-15","MP",90515,22,0,0
"2020-04-15","NC",90515,16,0,0
"2020-04-15","NW",90515,23,0,0
"2020-04-15","WC",90515,657,8,0
"2020-04-15","Unknown",90515,18,0,0
"2020-04-16","EC",95060,220,4,0
"2020-04-16","FS",95060,98,4,0
"2020-04-16","GP",95060,969,6,0
"2020-04-16","KZN",95060,539,20,0
"2020-04-16","LP",95060,26,1,0
"2020-04-16","MP",95060,22,0,0
"2020-04-16","NC",95060,16,0,0
"2020-04-16","NW",95060,24,0,0
"2020-04-16","WC",95060,675,13,0
"2020-04-16","Unknown",95060,16,0,903
"2020-04-17","EC",100826,246,4,0
"2020-04-17","FS",100826,100,4,0
"2020-04-17","GP",100826,1018,6,0
"2020-04-17","KZN",100826,591,20,0
"2020-04-17","LP",100826,26,1,0
"2020-04-17","MP",100826,23,0,0
"2020-04-17","NC",100826,16,0,0
"2020-04-17","NW",100826,24,0,0
"2020-04-17","WC",100826,717,15,0
"2020-04-17","Unknown",100826,22,0,903
"2020-04-18","EC",108021,270,4,0
"2020-04-18","FS",108021,100,4,0
"2020-04-18","GP",108021,1101,6,0
"2020-04-18","KZN",108021,604,21,0
"2020-04-18","LP",108021,26,1,0
"2020-04-18","MP",108021,25,0,0
"2020-04-18","NC",108021,16,0,0
"2020-04-18","NW",108021,24,0,0
"2020-04-18","WC",108021,836,16,0
"2020-04-18","Unknown",108021,32,0,903
"2020-04-19","EC",114711,293,4,0
"2020-04-19","FS",114711,100,4,0
"2020-04-19","GP",114711,1148,6,0
"2020-04-19","KZN",114711,617,22,0
"2020-04-19","LP",114711,27,1,0
"2020-04-19","MP",114711,23,0,0
"2020-04-19","NC",114711,16,0,0
"2020-04-19","NW",114711,24,0,0
"2020-04-19","WC",114711,868,17,0
"2020-04-19","Unknown",114711,42,0,903
"2020-04-20","EC",121510,310,5,0
"2020-04-20","FS",121510,105,5,0
"2020-04-20","GP",121510,1170,7,0
"2020-04-20","KZN",121510,639,23,0
"2020-04-20","LP",121510,27,1,0
"2020-04-20","MP",121510,23,0,0
"2020-04-20","NC",121510,18,0,0
"2020-04-20","NW",121510,25,0,0
"2020-04-20","WC",121510,940,17,0
"2020-04-20","Unknown",121510,43,0,903
"2020-04-21","EC",126937,345,5,0
"2020-04-21","FS",126937,106,5,0
"2020-04-21","GP",126937,1199,7,0
"2020-04-21","KZN",126937,671,23,0
"2020-04-21","LP",126937,27,1,0
"2020-04-21","MP",126937,24,0,0
"2020-04-21","NC",126937,16,0,0
"2020-04-21","NW",126937,24,0,0
"2020-04-21","WC",126937,1010,17,0
"2020-04-21","Unknown",126937,43,0,903
"2020-04-22","EC",133774,377,5,0
"2020-04-22","FS",133774,106,5,0
"2020-04-22","GP",133774,1224,7,0
"2020-04-22","KZN",133774,758,25,0
"2020-04-22","LP",133774,27,1,0
"2020-04-22","MP",133774,23,0,0
"2020-04-22","NC",133774,16,0,0
"2020-04-22","NW",133774,24,0,0
"2020-04-22","WC",133774,1079,22,0
"2020-04-22","Unknown",133774,1,0,903
"2020-04-23","EC",143570,417,6,19
"2020-04-23","FS",143570,106,5,76
"2020-04-23","GP",143570,1252,8,843
"2020-04-23","KZN",143570,807,27,241
"2020-04-23","LP",143570,27,1,24
"2020-04-23","MP",143570,23,0,15
"2020-04-23","NC",143570,16,0,6
"2020-04-23","NW",143570,25,0,13
"2020-04-23","WC",143570,1279,28,236
"2020-04-23","Unknown",143570,1,0,0
"2020-04-24","EC",152390,480,6,19
"2020-04-24","FS",152390,111,5,76
"2020-04-24","GP",152390,1281,8,843
"2020-04-24","KZN",152390,841,29,241
"2020-04-24","LP",152390,29,1,24
"2020-04-24","MP",152390,24,0,15
"2020-04-24","NC",152390,16,0,6
"2020-04-24","NW",152390,25,0,13
"2020-04-24","WC",152390,1413,30,236
"2020-04-24","Unknown",152390,0,0,0
"2020-04-25","EC",161004,488,10,19
"2020-04-25","FS",161004,111,5,76
"2020-04-25","GP",161004,1304,8,843
"2020-04-25","KZN",161004,847,29,241
"2020-04-25","LP",161004,30,2,24
"2020-04-25","MP",161004,23,0,15
"2020-04-25","NC",161004,16,0,6
"2020-04-25","NW",161004,28,0,13
"2020-04-25","WC",161004,1514,32,236
"2020-04-25","Unknown",161004,0,0,0
"2020-04-26","EC",168643,535,10,19
"2020-04-26","FS",168643,110,5,76
"2020-04-26","GP",168643,1331,8,843
"2020-04-26","KZN",168643,863,29,241
"2020-04-26","LP",168643,31,2,24
"2020-04-26","MP",168643,23,0,15
"2020-04-26","NC",168643,17,0,6
"2020-04-26","NW",168643,28,0,13
"2020-04-26","WC",168643,1608,33,236
"2020-04-26","Unknown",168643,0,0,0
"2020-04-27","EC",178470,588,10,19
"2020-04-27","FS",178470,111,5,76
"2020-04-27","GP",178470,1353,8,843
"2020-04-27","KZN",178470,902,30,241
"2020-04-27","LP",178470,31,2,24
"2020-04-27","MP",178470,26,0,15
"2020-04-27","NC",178470,17,0,6
"2020-04-27","NW",178470,28,0,13
"2020-04-27","WC",178470,1737,35,236
"2020-04-27","Unknown",178470,0,0,0
"2020-04-28","EC",185497,616,10,19
"2020-04-28","FS",185497,113,5,76
"2020-04-28","GP",185497,1377,8,843
"2020-04-28","KZN",185497,919,30,241
"2020-04-28","LP",185497,31,2,24
"2020-04-28","MP",185497,24,0,15
"2020-04-28","NC",185497,17,0,6
"2020-04-28","NW",185497,29,0,13
"2020-04-28","WC",185497,1870,38,236
"2020-04-28","Unknown",185497,0,0,0
"2020-04-29","EC",197127,630,11,19
"2020-04-29","FS",197127,113,5,76
"2020-04-29","GP",197127,1408,11,843
"2020-04-29","KZN",197127,956,32,241
"2020-04-29","LP",197127,31,2,24
"2020-04-29","MP",197127,31,0,15
"2020-04-29","NC",197127,17,0,6
"2020-04-29","NW",197127,29,0,13
"2020-04-29","WC",197127,2135,42,236
"2020-04-29","Unknown",197127,0,0,0
"2020-04-30","EC",207530,647,11,19
"2020-04-30","FS",207530,116,5,76
"2020-04-30","GP",207530,1446,11,843
"2020-04-30","KZN",207530,980,32,241
"2020-04-30","LP",207530,32,2,24
"2020-04-30","MP",207530,36,0,15
"2020-04-30","NC",207530,17,0,6
"2020-04-30","NW",207530,31,0,13
"2020-04-30","WC",207530,2342,42,236
"2020-04-30","Unknown",207530,0,0,0
"2020-05-01","EC",217522,691,11,19
"2020-05-01","FS",217522,118,5,76
"2020-05-01","GP",217522,1507,11,843
"2020-05-01","KZN",217522,1006,32,241
"2020-05-01","LP",217522,34,2,24
"2020-05-01","MP",217522,35,0,15
"2020-05-01","NC",217522,18,0,6
"2020-05-01","NW",217522,35,0,13
"2020-05-01","WC",217522,2507,55,236
"2020-05-01","Unknown",217522,0,0,0
"2020-05-02","EC",230686,732,13,275
"2020-05-02","FS",230686,121,6,96
"2020-05-02","GP",230686,1598,12,948
"2020-05-02","KZN",230686,1051,34,375
"2020-05-02","LP",230686,36,2,25
"2020-05-02","MP",230686,40,0,18
"2020-05-02","NC",230686,23,0,13
"2020-05-02","NW",230686,35,0,20
"2020-05-02","WC",230686,2700,56,779
"2020-05-02","Unknown",230686,0,0,0
"2020-05-03","EC",245747,774,17,275
"2020-05-03","FS",245747,122,6,96
"2020-05-03","GP",245747,1624,14,948
"2020-05-03","KZN",245747,1076,34,375
"2020-05-03","LP",245747,37,2,25
"2020-05-03","MP",245747,46,0,18
"2020-05-03","NC",245747,24,0,13
"2020-05-03","NW",245747,36,0,20
"2020-05-03","WC",245747,3044,58,779
"2020-05-03","Unknown",245747,0,0,0
"2020-05-04","EC",257541,814,17,341
"2020-05-04","FS",257541,125,6,96
"2020-05-04","GP",257541,1661,14,979
"2020-05-04","KZN",257541,1106,35,415
"2020-05-04","LP",257541,39,2,27
"2020-05-04","MP",257541,53,0,22
"2020-05-04","NC",257541,25,0,13
"2020-05-04","NW",257541,35,0,20
"2020-05-04","WC",257541,3362,64,833
"2020-05-04","Unknown",257541,0,0,0
"2020-05-05","EC",268064,838,18,341
"2020-05-05","FS",268064,128,6,96
"2020-05-05","GP",268064,1697,15,979
"2020-05-05","KZN",268064,1142,36,415
"2020-05-05","LP",268064,40,2,27
"2020-05-05","MP",268064,57,0,22
"2020-05-05","NC",268064,26,0,13
"2020-05-05","NW",268064,35,0,20
"2020-05-05","WC",268064,3609,71,833
"2020-05-05","Unknown",268064,0,0,0
"2020-05-06","EC",279379,849,18,388
"2020-05-06","FS",279379,130,6,102
"2020-05-06","GP",279379,1720,15,1036
"2020-05-06","KZN",279379,1189,38,420
"2020-05-06","LP",279379,40,3,27
"2020-05-06","MP",279379,57,0,22
"2020-05-06","NC",279379,26,0,16
"2020-05-06","NW",279379,37,0,20
"2020-05-06","WC",279379,3760,73,1122
"2020-05-06","Unknown",279379,0,0,0
"2020-05-07","EC",292153,929,18,388
"2020-05-07","FS",292153,134,6,102
"2020-05-07","GP",292153,1804,15,1036
"2020-05-07","KZN",292153,1204,40,420
"2020-05-07","LP",292153,41,3,27
"2020-05-07","MP",292153,59,0,22
"2020-05-07","NC",292153,27,0,16
"2020-05-07","NW",292153,40,0,20
"2020-05-07","WC",292153,3994,79,1122
"2020-05-07","Unknown",292153,0,0,0
"2020-05-08","EC",307752,989,21,388
"2020-05-08","FS",307752,133,6,102
"2020-05-08","GP",307752,1851,18,1036
"2020-05-08","KZN",307752,1253,42,420
"2020-05-08","LP",307752,43,3,27
"2020-05-08","MP",307752,60,0,22
"2020-05-08","NC",307752,27,0,16
"2020-05-08","NW",307752,42,0,20
"2020-05-08","WC",307752,4497,88,1122
"2020-05-08","Unknown",307752,0,0,0
"2020-05-09","EC",324079,1078,21,388
"2020-05-09","FS",324079,134,6,102
"2020-05-09","GP",324079,1910,19,1036
"2020-05-09","KZN",324079,1308,42,420
"2020-05-09","LP",324079,51,3,27
"2020-05-09","MP",324079,61,0,22
"2020-05-09","NC",324079,28,0,16
"2020-05-09","NW",324079,41,0,20
"2020-05-09","WC",324079,4809,95,1122
"2020-05-09","Unknown",324079,0,0,0
"2020-05-10","EC",341336,1218,22,519
"2020-05-10","FS",341336,135,6,105
"2020-05-10","GP",341336,1952,22,1247
"2020-05-10","KZN",341336,1353,43,606
"2020-05-10","LP",341336,54,3,28
"2020-05-10","MP",341336,61,0,22
"2020-05-10","NC",341336,29,0,16
"2020-05-10","NW",341336,45,0,23
"2020-05-10","WC",341336,5168,98,1607
"2020-05-10","Unknown",341336,0,0,0
"2020-05-11","EC",356067,1356,24,519
"2020-05-11","FS",356067,135,6,105
"2020-05-11","GP",356067,1971,22,1247
"2020-05-11","KZN",356067,1372,44,606
"2020-05-11","LP",356067,54,3,28
"2020-05-11","MP",356067,63,0,22
"2020-05-11","NC",356067,30,0,16
"2020-05-11","NW",356067,50,1,23
"2020-05-11","WC",356067,5621,106,1607
"2020-05-11","Unknown",356067,0,0,0
"2020-05-12","EC",369697,1504,24,519
"2020-05-12","FS",369697,135,6,105
"2020-05-12","GP",369697,2014,22,1247
"2020-05-12","KZN",369697,1394,44,606
"2020-05-12","LP",369697,54,3,28
"2020-05-12","MP",369697,63,0,22
"2020-05-12","NC",369697,30,0,16
"2020-05-12","NW",369697,51,1,23
"2020-05-12","WC",369697,6105,106,1607
"2020-05-12","Unknown",369697,0,0,0
"2020-05-13","EC",386352,1534,24,632
"2020-05-13","FS",386352,138,6,107
"2020-05-13","GP",386352,2074,24,1343
"2020-05-13","KZN",386352,1413,44,618
"2020-05-13","LP",386352,54,3,30
"2020-05-13","MP",386352,66,0,24
"2020-05-13","NC",386352,30,0,17
"2020-05-13","NW",386352,52,1,24
"2020-05-13","WC",386352,6713,117,1950
"2020-05-13","Unknown",386352,0,0,0
"2020-05-14","EC",403018,1569,31,643
"2020-05-14","FS",403018,145,6,108
"2020-05-14","GP",403018,2135,24,1547
"2020-05-14","KZN",403018,1444,44,689
"2020-05-14","LP",403018,55,3,35
"2020-05-14","MP",403018,67,0,34
"2020-05-14","NC",403018,31,0,19
"2020-05-14","NW",403018,58,1,28
"2020-05-14","WC",403018,7235,129,2573
"2020-05-14","Unknown",403018,0,0,0
"2020-05-15","EC",421555,1662,31,643
"2020-05-15","FS",421555,151,6,108
"2020-05-15","GP",421555,2210,24,1552
"2020-05-15","KZN",421555,1482,45,795
"2020-05-15","LP",421555,57,3,36
"2020-05-15","MP",421555,67,0,44
"2020-05-15","NC",421555,34,0,20
"2020-05-15","NW",421555,63,1,28
"2020-05-15","WC",421555,7798,137,2857
"2020-05-15","Unknown",421555,0,0,0
"2020-05-16","EC",439559,1812,32,746
"2020-05-16","FS",439559,153,6,108
"2020-05-16","GP",439559,2262,25,1583
"2020-05-16","KZN",439559,1498,45,806
"2020-05-16","LP",439559,59,3,37
"2020-05-16","MP",439559,68,0,49
"2020-05-16","NC",439559,35,0,24
"2020-05-16","NW",439559,64,1,28
"2020-05-16","WC",439559,8404,149,3097
"2020-05-16","Unknown",439559,0,0,0
"2020-05-17","EC",460873,1936,35,839
"2020-05-17","FS",460873,158,6,108
"2020-05-17","GP",460873,2329,25,1583
"2020-05-17","KZN",460873,1543,45,817
"2020-05-17","LP",460873,77,3,37
"2020-05-17","MP",460873,71,0,49
"2020-05-17","NC",460873,37,0,24
"2020-05-17","NW",460873,70,1,28
"2020-05-17","WC",460873,9294,149,3521
"2020-05-17","Unknown",460873,0,0,0
"2020-05-18","EC",475071,2052,39,839
"2020-05-18","FS",475071,163,6,108
"2020-05-18","GP",475071,2343,26,1657
"2020-05-18","KZN",475071,1567,45,818
"2020-05-18","LP",475071,88,3,37
"2020-05-18","MP",475071,76,0,53
"2020-05-18","NC",475071,37,0,27
"2020-05-18","NW",475071,72,1,28
"2020-05-18","WC",475071,10035,166,3731
"2020-05-18","Unknown",475071,0,0,0
"2020-05-19","EC",488609,2135,41,839
"2020-05-19","FS",488609,168,6,118
"2020-05-19","GP",488609,2361,27,1671
"2020-05-19","KZN",488609,1616,46,818
"2020-05-19","LP",488609,84,3,39
"2020-05-19","MP",488609,78,0,57
"2020-05-19","NC",488609,37,1,27
"2020-05-19","NW",488609,72,1,28
"2020-05-19","WC",488609,10639,187,4363
"2020-05-19","Unknown",488609,0,0,0
"2020-05-20","EC",506861,2215,45,1036
"2020-05-20","FS",506861,180,6,118
"2020-05-20","GP",506861,2400,27,1694
"2020-05-20","KZN",506861,1650,46,842
"2020-05-20","LP",506861,93,3,42
"2020-05-20","MP",506861,93,0,58
"2020-05-20","NC",506861,38,1,27
"2020-05-20","NW",506861,72,1,28
"2020-05-20","WC",506861,11262,210,5105
"2020-05-20","Unknown",506861,0,0,0
"2020-05-21","EC",525433,2324,50,1036
"2020-05-21","FS",525433,184,6,118
"2020-05-21","GP",525433,2453,27,1694
"2020-05-21","KZN",525433,1693,46,842
"2020-05-21","LP",525433,121,3,42
"2020-05-21","MP",525433,95,0,58
"2020-05-21","NC",525433,37,1,27
"2020-05-21","NW",525433,77,1,28
"2020-05-21","WC",525433,12153,235,5105
"2020-05-21","Unknown",525433,0,0,0
"2020-05-22","EC",543032,2459,53,1036
"2020-05-22","FS",543032,185,6,121
"2020-05-22","GP",543032,2521,29,1776
"2020-05-22","KZN",543032,1735,47,880
"2020-05-22","LP",543032,120,3,51
"2020-05-22","MP",543032,98,0,58
"2020-05-22","NC",543032,39,1,27
"2020-05-22","NW",543032,80,1,29
"2020-05-22","WC",543032,12888,257,6126
"2020-05-22","Unknown",543032,0,0,0
"2020-05-23","EC",564370,2569,58,1036
"2020-05-23","FS",564370,196,6,121
"2020-05-23","GP",564370,2633,29,1776
"2020-05-23","KZN",564370,1777,48,880
"2020-05-23","LP",564370,124,3,51
"2020-05-23","MP",564370,97,0,58
"2020-05-23","NC",564370,40,1,27
"2020-05-23","NW",564370,81,1,29
"2020-05-23","WC",564370,13826,261,6126
"2020-05-23","Unknown",564370,0,0,0
"2020-05-24","EC",583855,2690,59,1335
"2020-05-24","FS",583855,202,6,121
"2020-05-24","GP",583855,2773,29,1840
"2020-05-24","KZN",583855,1815,49,1111
"2020-05-24","LP",583855,128,3,53
"2020-05-24","MP",583855,101,0,58
"2020-05-24","NC",583855,40,1,28
"2020-05-24","NW",583855,94,1,29
"2020-05-24","WC",583855,14740,281,6525
"2020-05-24","Unknown",583855,0,0,0
"2020-05-25","EC",596777,2748,61,1335
"2020-05-25","FS",596777,208,6,121
"2020-05-25","GP",596777,2993,30,1899
"2020-05-25","KZN",596777,1882,49,1168
"2020-05-25","LP",596777,132,3,55
"2020-05-25","MP",596777,102,0,61
"2020-05-25","NC",596777,45,1,28
"2020-05-25","NW",596777,109,1,29
"2020-05-25","WC",596777,15396,330,7221
"2020-05-25","Unknown",596777,0,0,0
"2020-05-26","EC",605991,2864,70,1491
"2020-05-26","FS",605991,206,6,123
"2020-05-26","GP",605991,3043,31,1919
"2020-05-26","KZN",605991,1927,49,1180
"2020-05-26","LP",605991,132,3,65
"2020-05-26","MP",605991,103,0,61
"2020-05-26","NC",605991,45,1,29
"2020-05-26","NW",605991,115,1,29
"2020-05-26","WC",605991,15829,363,7844
"2020-05-26","Unknown",605991,0,0,0
"2020-05-27","EC",634996,3047,70,1491
"2020-05-27","FS",634996,221,6,123
"2020-05-27","GP",634996,3167,31,1955
"2020-05-27","KZN",634996,2186,49,1180
"2020-05-27","LP",634996,141,3,67
"2020-05-27","MP",634996,106,0,62
"2020-05-27","NC",634996,48,1,30
"2020-05-27","NW",634996,128,1,39
"2020-05-27","WC",634996,16893,391,8504
"2020-05-27","Unknown",634996,0,0,0
"2020-05-28","EC",655723,3306,77,1700
"2020-05-28","FS",655723,225,8,123
"2020-05-28","GP",655723,3329,31,1993
"2020-05-28","KZN",655723,2349,50,1180
"2020-05-28","LP",655723,144,3,75
"2020-05-28","MP",655723,111,0,67
"2020-05-28","NC",655723,51,1,30
"2020-05-28","NW",655723,134,1,45
"2020-05-28","WC",655723,17754,406,9157
"2020-05-28","Unknown",655723,0,0,0
"2020-05-29","EC",680175,3583,80,1700
"2020-05-29","FS",680175,231,8,124
"2020-05-29","GP",680175,3583,31,2019
"2020-05-29","KZN",680175,2428,50,1180
"2020-05-29","LP",680175,170,3,97
"2020-05-29","MP",680175,112,0,67
"2020-05-29","NC",680175,52,1,31
"2020-05-29","NW",680175,143,1,45
"2020-05-29","WC",680175,18906,437,9830
"2020-05-29","Unknown",680175,32,0,0
"2020-05-30","EC",701883,3759,82,1987
"2020-05-30","FS",701883,261,8,123
"2020-05-30","GP",701883,3773,31,2035
"2020-05-30","KZN",701883,2476,52,1180
"2020-05-30","LP",701883,173,3,140
"2020-05-30","MP",701883,113,0,67
"2020-05-30","NC",701883,57,1,31
"2020-05-30","NW",701883,162,1,45
"2020-05-30","WC",701883,20160,465,10508
"2020-05-30","Unknown",701883,33,0,0
"2020-05-31","EC",725125,3927,82,1987
"2020-05-31","FS",725125,278,8,124
"2020-05-31","GP",725125,4003,33,2060
"2020-05-31","KZN",725125,2545,52,1248
"2020-05-31","LP",725125,177,3,143
"2020-05-31","MP",725125,121,0,72
"2020-05-31","NC",725125,69,1,31
"2020-05-31","NW",725125,175,1,45
"2020-05-31","WC",725125,21382,503,11099
"2020-05-31","Unknown",725125,6,0,0
"2020-06-01","EC",742742,4111,82,2123
"2020-06-01","FS",742742,285,8,124
"2020-06-01","GP",742742,4231,33,2060
"2020-06-01","KZN",742742,2565,52,1248
"2020-06-01","LP",742742,192,3,144
"2020-06-01","MP",742742,131,0,86
"2020-06-01","NC",742742,82,1,31
"2020-06-01","NW",742742,187,1,45
"2020-06-01","WC",742742,22567,525,11431
"2020-06-01","Unknown",742742,6,0,0
"2020-06-02","EC",761534,4324,88,2123
"2020-06-02","FS",761534,299,8,123
"2020-06-02","GP",761534,4276,33,2060
"2020-06-02","KZN",761534,2637,53,1248
"2020-06-02","LP",761534,193,3,145
"2020-06-02","MP",761534,132,0,86
"2020-06-02","NC",761534,91,1,33
"2020-06-02","NW",761534,271,1,59
"2020-06-02","WC",761534,23583,568,12436
"2020-06-02","Unknown",761534,6,0,0
"2020-06-03","EC",785979,4526,95,2123
"2020-06-03","FS",785979,319,8,123
"2020-06-03","GP",785979,4567,33,2169
"2020-06-03","KZN",785979,2707,54,1248
"2020-06-03","LP",785979,200,3,145
"2020-06-03","MP",785979,137,0,86
"2020-06-03","NC",785979,93,1,33
"2020-06-03","NW",785979,314,1,59
"2020-06-03","WC",785979,24657,597,13696
"2020-06-03","Unknown",785979,5,0,0
"2020-06-04","EC",820675,4936,95,2460
"2020-06-04","FS",820675,322,9,128
"2020-06-04","GP",820675,4845,33,2222
"2020-06-04","KZN",820675,2869,55,1260
"2020-06-04","LP",820675,206,3,146
"2020-06-04","MP",820675,144,0,86
"2020-06-04","NC",820675,95,1,33
"2020-06-04","NW",820675,364,1,59
"2020-06-04","WC",820675,27006,651,14917
"2020-06-04","Unknown",820675,5,0,0
"2020-06-05","EC",850871,5240,95,2460
"2020-06-05","FS",850871,336,9,123
"2020-06-05","GP",850871,5215,40,2344
"2020-06-05","KZN",850871,2936,55,1378
"2020-06-05","LP",850871,215,3,149
"2020-06-05","MP",850871,169,0,94
"2020-06-05","NC",850871,102,1,34
"2020-06-05","NW",850871,409,1,73
"2020-06-05","WC",850871,28807,704,16433
"2020-06-05","Unknown",850871,5,0,0
"2020-06-06","EC",891668,5629,101,2666
"2020-06-06","FS",891668,348,9,152
"2020-06-06","GP",891668,5626,47,2344
"2020-06-06","KZN",891668,3016,61,1378
"2020-06-06","LP",891668,216,3,158
"2020-06-06","MP",891668,181,0,94
"2020-06-06","NC",891668,105,1,48
"2020-06-06","NW",891668,468,1,73
"2020-06-06","WC",891668,30379,729,17355
"2020-06-06","Unknown",891668,5,0,0
"2020-06-07","EC",920064,5974,101,2666
"2020-06-07","FS",920064,361,9,152
"2020-06-07","GP",920064,5946,47,2428
"2020-06-07","KZN",920064,3108,61,1378
"2020-06-07","LP",920064,227,3,158
"2020-06-07","MP",920064,189,1,102
"2020-06-07","NC",920064,114,1,41
"2020-06-07","NW",920064,523,1,73
"2020-06-07","WC",920064,31824,774,17366
"2020-06-07","Unknown",920064,19,0,0
"2020-06-08","EC",943059,6341,127,2666
"2020-06-08","FS",943059,373,9,152
"2020-06-08","GP",943059,6258,47,2428
"2020-06-08","KZN",943059,3175,62,1378
"2020-06-08","LP",943059,244,3,158
"2020-06-08","MP",943059,183,1,102
"2020-06-08","NC",943059,118,1,41
"2020-06-08","NW",943059,580,1,73
"2020-06-08","WC",943059,33568,829,19101
"2020-06-08","Unknown",943059,39,0,0
"2020-06-09","EC",968070,6760,138,3514
"2020-06-09","FS",968070,391,9,162
"2020-06-09","GP",968070,6546,57,2575
"2020-06-09","KZN",968070,3255,62,1566
"2020-06-09","LP",968070,253,3,158
"2020-06-09","MP",968070,184,1,111
"2020-06-09","NC",968070,122,1,41
"2020-06-09","NW",968070,604,1,88
"2020-06-09","WC",968070,34819,890,20791
"2020-06-09","Unknown",968070,57,0,0
"2020-06-10","EC",998400,7154,147,3647
"2020-06-10","FS",998400,401,9,162
"2020-06-10","GP",998400,7195,57,2825
"2020-06-10","KZN",998400,3347,64,1572
"2020-06-10","LP",998400,257,3,175
"2020-06-10","MP",998400,207,1,116
"2020-06-10","NC",998400,125,1,42
"2020-06-10","NW",998400,657,1,104
"2020-06-10","WC",998400,36021,927,22862
"2020-06-10","Unknown",998400,57,0,0
"2020-06-11","EC",1028399,7868,178,4107
"2020-06-11","FS",1028399,406,9,162
"2020-06-11","GP",1028399,7953,57,2890
"2020-06-11","KZN",1028399,3472,64,1572
"2020-06-11","LP",1028399,267,3,175
"2020-06-11","MP",1028399,228,1,116
"2020-06-11","NC",1028399,132,1,52
"2020-06-11","NW",1028399,757,5,128
"2020-06-11","WC",1028399,37422,966,24050
"2020-06-11","Unknown",1028399,63,0,0
"2020-06-12","EC",1060425,8615,208,4393
"2020-06-12","FS",1060425,435,9,189
"2020-06-12","GP",1060425,8781,57,2948
"2020-06-12","KZN",1060425,3573,64,1572
"2020-06-12","LP",1060425,288,4,175
"2020-06-12","MP",1060425,243,1,116
"2020-06-12","NC",1060425,138,1,52
"2020-06-12","NW",1060425,865,5,128
"2020-06-12","WC",1060425,38926,1005,25435
"2020-06-12","Unknown",1060425,63,0,0
"2020-06-13","EC",1087887,9250,217,4559
"2020-06-13","FS",1087887,457,9,189
"2020-06-13","GP",1087887,9897,81,3075
"2020-06-13","KZN",1087887,3763,64,1810
"2020-06-13","LP",1087887,309,4,185
"2020-06-13","MP",1087887,271,1,116
"2020-06-13","NC",1087887,144,1,52
"2020-06-13","NW",1087887,977,5,128
"2020-06-13","WC",1087887,40605,1041,26736
"2020-06-13","Unknown",1087887,63,0,0
"2020-06-14","EC",1121958,10027,227,5244
"2020-06-14","FS",1121958,495,9,222
"2020-06-14","GP",1121958,11164,81,3207
"2020-06-14","KZN",1121958,3874,69,1810
"2020-06-14","LP",1121958,326,4,185
"2020-06-14","MP",1121958,297,1,132
"2020-06-14","NC",1121958,156,1,52
"2020-06-14","NW",1121958,1097,5,152
"2020-06-14","WC",1121958,42539,1083,27527
"2020-06-14","Unknown",1121958,63,0,0
"2020-06-15","EC",1146857,10597,236,5331
"2020-06-15","FS",1146857,512,9,222
"2020-06-15","GP",1146857,12193,87,3348
"2020-06-15","KZN",1146857,3959,69,1810
"2020-06-15","LP",1146857,362,4,199
"2020-06-15","MP",1146857,322,1,138
"2020-06-15","NC",1146857,205,1,52
"2020-06-15","NW",1146857,1177,5,152
"2020-06-15","WC",1146857,44143,1156,28615
"2020-06-15","Unknown",1146857,63,0,0
"2020-06-16","EC",1172513,11039,245,5475
"2020-06-16","FS",1172513,578,9,222
"2020-06-16","GP",1172513,13023,87,3442
"2020-06-16","KZN",1172513,4048,73,2133
"2020-06-16","LP",1172513,391,4,213
"2020-06-16","MP",1172513,343,1,138
"2020-06-16","NC",1172513,211,1,52
"2020-06-16","NW",1172513,1281,5,152
"2020-06-16","WC",1172513,45357,1200,30236
"2020-06-16","Unknown",1172513,63,0,0
"2020-06-17","EC",1200736,11919,251,5845
"2020-06-17","FS",1200736,608,9,222
"2020-06-17","GP",1200736,14620,87,3716
"2020-06-17","KZN",1200736,4238,73,2133
"2020-06-17","LP",1200736,416,4,218
"2020-06-17","MP",1200736,391,1,146
"2020-06-17","NC",1200736,211,1,52
"2020-06-17","NW",1200736,1402,5,175
"2020-06-17","WC",1200736,46555,1243,31824
"2020-06-17","Unknown",1200736,52,0,0
"2020-06-18","EC",1228098,12639,257,6331
"2020-06-18","FS",1228098,649,9,235
"2020-06-18","GP",1228098,15898,87,3756
"2020-06-18","KZN",1228098,4360,73,2133
"2020-06-18","LP",1228098,489,4,229
"2020-06-18","MP",1228098,461,1,156
"2020-06-18","NC",1228098,214,1,81
"2020-06-18","NW",1228098,1606,5,175
"2020-06-18","WC",1228098,47522,1300,31824
"2020-06-18","Unknown",1228098,52,0,0
"2020-06-19","EC",1260434,13506,257,6331
"2020-06-19","FS",1260434,658,9,235
"2020-06-19","GP",1260434,17261,114,4001
"2020-06-19","KZN",1260434,4548,80,2527
"2020-06-19","LP",1260434,503,4,236
"2020-06-19","MP",1260434,508,1,156
"2020-06-19","NC",1260434,218,1,97
"2020-06-19","NW",1260434,1758,5,175
"2020-06-19","WC",1260434,48706,1360,34067
"2020-06-19","Unknown",1260434,52,0,0
"2020-06-20","EC",1293608,14721,268,7470
"2020-06-20","FS",1293608,700,9,236
"2020-06-20","GP",1293608,18978,114,4273
"2020-06-20","KZN",1293608,4806,83,2527
"2020-06-20","LP",1293608,521,4,236
"2020-06-20","MP",1293608,544,1,156
"2020-06-20","NC",1293608,232,1,97
"2020-06-20","NW",1293608,1957,5,175
"2020-06-20","WC",1293608,50173,1392,35156
"2020-06-20","Unknown",1293608,49,0,0
"2020-06-21","EC",1328060,15751,285,7738
"2020-06-21","FS",1328060,733,9,264
"2020-06-21","GP",1328060,20822,122,4673
"2020-06-21","KZN",1328060,5030,84,2594
"2020-06-21","LP",1328060,564,4,246
"2020-06-21","MP",1328060,573,1,176
"2020-06-21","NC",1328060,237,1,110
"2020-06-21","NW",1328060,2148,5,248
"2020-06-21","WC",1328060,51441,1419,35559
"2020-06-21","Unknown",1328060,3,0,0
"2020-06-22","EC",1353176,16895,303,8035
"2020-06-22","FS",1353176,772,9,264
"2020-06-22","GP",1353176,22341,122,5620
"2020-06-22","KZN",1353176,5278,87,2769
"2020-06-22","LP",1353176,582,5,257
"2020-06-22","MP",1353176,596,1,181
"2020-06-22","NC",1353176,254,1,112
"2020-06-22","NW",1353176,2315,5,248
"2020-06-22","WC",1353176,52554,1458,35958
"2020-06-22","Unknown",1353176,3,0,0
"2020-06-23","EC",1382772,18108,331,8259
"2020-06-23","FS",1382772,814,9,264
"2020-06-23","GP",1382772,24041,122,5620
"2020-06-23","KZN",1382772,5625,91,2849
"2020-06-23","LP",1382772,622,5,270
"2020-06-23","MP",1382772,662,2,181
"2020-06-23","NC",1382772,270,1,112
"2020-06-23","NW",1382772,2454,5,256
"2020-06-23","WC",1382772,53512,1536,37234
"2020-06-23","Unknown",1382772,0,0,0
"2020-06-24","EC",1416894,19214,346,9668
"2020-06-24","FS",1416894,889,9,264
"2020-06-24","GP",1416894,26156,147,5856
"2020-06-24","KZN",1416894,6075,91,2947
"2020-06-24","LP",1416894,670,5,303
"2020-06-24","MP",1416894,713,2,199
"2020-06-24","NC",1416894,299,1,112
"2020-06-24","NW",1416894,2618,5,291
"2020-06-24","WC",1416894,55162,1599,37234
"2020-06-24","Unknown",1416894,0,0,0
"2020-06-25","EC",1460012,20487,363,10439
"2020-06-25","FS",1460012,976,9,318
"2020-06-25","GP",1460012,28746,149,5856
"2020-06-25","KZN",1460012,6590,106,2947
"2020-06-25","LP",1460012,730,5,329
"2020-06-25","MP",1460012,783,2,207
"2020-06-25","NC",1460012,318,1,112
"2020-06-25","NW",1460012,2965,5,291
"2020-06-25","WC",1460012,56780,1652,39475
"2020-06-25","Unknown",1460012,0,0,0
"2020-06-26","EC",1493104,21938,371,11349
"2020-06-26","FS",1493104,1069,9,318
"2020-06-26","GP",1493104,31344,149,7132
"2020-06-26","KZN",1493104,7090,106,3197
"2020-06-26","LP",1493104,798,5,348
"2020-06-26","MP",1493104,855,2,239
"2020-06-26","NC",1493104,337,1,128
"2020-06-26","NW",1493104,3218,5,421
"2020-06-26","WC",1493104,57941,1692,40979
"2020-06-26","Unknown",1493104,0,0,0
"2020-06-27","EC",1529009,23658,384,12192
"2020-06-27","FS",1529009,1160,9,356
"2020-06-27","GP",1529009,34285,166,7712
"2020-06-27","KZN",1529009,7786,109,3417
"2020-06-27","LP",1529009,862,5,387
"2020-06-27","MP",1529009,925,2,239
"2020-06-27","NC",1529009,355,1,186
"2020-06-27","NW",1529009,3454,5,433
"2020-06-27","WC",1529009,59315,1732,42172
"2020-06-27","Unknown",1529009,0,0,0
"2020-06-28","EC",1567084,25099,387,12567
"2020-06-28","FS",1567084,1279,9,356
"2020-06-28","GP",1567084,36895,174,8580
"2020-06-28","KZN",1567084,8433,109,3417
"2020-06-28","LP",1567084,935,5,413
"2020-06-28","MP",1567084,1016,2,337
"2020-06-28","NC",1567084,385,1,186
"2020-06-28","NW",1567084,3647,5,433
"2020-06-28","WC",1567084,60445,1764,42636
"2020-06-28","Unknown",1567084,0,0,0
"2020-06-29","EC",1596995,26195,397,12824
"2020-06-29","FS",1596995,1377,9,385
"2020-06-29","GP",1596995,39841,180,9738
"2020-06-29","KZN",1596995,9041,115,3602
"2020-06-29","LP",1596995,1011,10,434
"2020-06-29","MP",1596995,1089,3,376
"2020-06-29","NC",1596995,404,1,186
"2020-06-29","NW",1596995,3931,7,433
"2020-06-29","WC",1596995,61375,1807,42636
"2020-06-29","Unknown",1596995,0,0,0
"2020-06-30","EC",1630008,27686,422,14081
"2020-06-30","FS",1630008,1514,9,385
"2020-06-30","GP",1630008,42881,216,10534
"2020-06-30","KZN",1630008,9674,126,3602
"2020-06-30","LP",1630008,1131,10,520
"2020-06-30","MP",1630008,1190,7,464
"2020-06-30","NC",1630008,465,1,186
"2020-06-30","NW",1630008,4187,7,651
"2020-06-30","WC",1630008,62481,1859,43120
"2020-06-30","Unknown",1630008,0,0,0
"2020-07-01","EC",1666939,29340,439,14384
"2020-07-01","FS",1666939,1672,9,386
"2020-07-01","GP",1666939,45944,244,10534
"2020-07-01","KZN",1666939,10632,136,3770
"2020-07-01","LP",1666939,1175,10,520
"2020-07-01","MP",1666939,1306,7,487
"2020-07-01","NC",1666939,494,1,204
"2020-07-01","NW",1666939,4393,7,802
"2020-07-01","WC",1666939,64377,1896,44938
"2020-07-01","Unknown",1666939,0,0,0
"2020-07-02","EC",1706127,30603,451,15843
"2020-07-02","FS",1706127,1886,9,386
"2020-07-02","GP",1706127,49937,282,12957
"2020-07-02","KZN",1706127,11669,152,4111
"2020-07-02","LP",1706127,1286,10,570
"2020-07-02","MP",1706127,1478,7,520
"2020-07-02","NC",1706127,573,1,232
"2020-07-02","NW",1706127,4788,7,865
"2020-07-02","WC",1706127,65841,1925,46515
"2020-07-02","Unknown",1706127,0,0,0
"2020-07-03","EC",1745153,32157,459,17403
"2020-07-03","FS",1745153,2130,9,396
"2020-07-03","GP",1745153,54331,282,14097
"2020-07-03","KZN",1745153,12757,162,4197
"2020-07-03","LP",1745153,1408,10,594
"2020-07-03","MP",1745153,1611,7,585
"2020-07-03","NC",1745153,626,4,232
"2020-07-03","NW",1745153,5168,36,865
"2020-07-03","WC",1745153,66936,1983,47929
"2020-07-03","Unknown",1745153,0,0,0
"2020-07-04","EC",1792078,34161,490,18980
"2020-07-04","FS",1792078,2376,9,437
"2020-07-04","GP",1792078,59373,282,15935
"2020-07-04","KZN",1792078,13984,162,4197
"2020-07-04","LP",1792078,1559,10,594
"2020-07-04","MP",1792078,1818,7,621
"2020-07-04","NC",1792078,686,4,236
"2020-07-04","NW",1792078,5644,36,865
"2020-07-04","WC",1792078,68376,2026,49362
"2020-07-04","Unknown",1792078,0,0,0
"2020-07-05","EC",1830161,35648,519,19490
"2020-07-05","FS",1830161,2553,19,455
"2020-07-05","GP",1830161,63404,353,16887
"2020-07-05","KZN",1830161,15146,183,4197
"2020-07-05","LP",1830161,1706,10,635
"2020-07-05","MP",1830161,1965,7,621
"2020-07-05","NC",1830161,734,6,237
"2020-07-05","NW",1830161,6063,36,865
"2020-07-05","WC",1830161,69531,2066,49928
"2020-07-05","Unknown",1830161,0,0,0
"2020-07-06","EC",1864111,38081,528,19863
"2020-07-06","FS",1864111,2804,19,479
"2020-07-06","GP",1864111,66891,409,19779
"2020-07-06","KZN",1864111,15819,183,4811
"2020-07-06","LP",1864111,1785,27,653
"2020-07-06","MP",1864111,2173,7,651
"2020-07-06","NC",1864111,820,6,237
"2020-07-06","NW",1864111,6410,36,1104
"2020-07-06","WC",1864111,70938,2101,50271
"2020-07-06","Unknown",1864111,0,0,0
"2020-07-07","EC",1907532,40401,564,22022
"2020-07-07","FS",1907532,3034,19,528
"2020-07-07","GP",1907532,71488,478,19779
"2020-07-07","KZN",1907532,16743,205,4890
"2020-07-07","LP",1907532,1950,42,665
"2020-07-07","MP",1907532,2353,7,668
"2020-07-07","NC",1907532,888,6,237
"2020-07-07","NW",1907532,6842,36,1335
"2020-07-07","WC",1907532,72156,2145,52175
"2020-07-07","Unknown",1907532,0,0,0
"2020-07-08","EC",1944399,42357,582,24304
"2020-07-08","FS",1944399,3259,19,528
"2020-07-08","GP",1944399,75015,478,19779
"2020-07-08","KZN",1944399,17962,223,5307
"2020-07-08","LP",1944399,2131,44,665
"2020-07-08","MP",1944399,2528,22,668
"2020-07-08","NC",1944399,974,6,254
"2020-07-08","NW",1944399,7147,36,1456
"2020-07-08","WC",1944399,73292,2192,53881
"2020-07-08","Unknown",1944399,0,0,0
"2020-07-09","EC",2000569,44432,610,24304
"2020-07-09","FS",2000569,3724,19,629
"2020-07-09","GP",2000569,81546,515,23804
"2020-07-09","KZN",2000569,19630,249,5505
"2020-07-09","LP",2000569,2381,33,665
"2020-07-09","MP",2000569,2902,22,779
"2020-07-09","NC",2000569,1039,7,267
"2020-07-09","NW",2000569,7870,36,1574
"2020-07-09","WC",2000569,74815,2229,55534
"2020-07-09","Unknown",2000569,0,0,0
